0,WHAT ABOUT MOVIES,*,*,Do you like comedy movies,myaiml.aiml
0,YES,DO YOU LIKE COMEDY MOVIES,*,Nice#Comma I like comedy movies too.,myaiml.aiml
0,NO,DO YOU LIKE COMEDY MOVIES,*,Ok! But I like comedy movies.,myaiml.aiml
0,I WANT TO BOOK AN APPOINTMENT,*,*,Are you sure you want to book an appointment,myaiml.aiml
0,YES,ARE YOU SURE YOU WANT TO BOOK AN APPOINTMENT,*,Can you tell me date and time,myaiml.aiml
0,NO,ARE YOU SURE YOU WANT TO BOOK AN APPOINTMENT,*,No Worries.,myaiml.aiml
0,DATE * TIME *,CAN YOU TELL ME DATE AND TIME,*,You want appointment on <set name="udate"><star index="1"/> </set> and time <set name="utime"><star index="2"/></set>. Should i confirm.,myaiml.aiml
0,YES,SHOULD I CONFIRM,*,<get name="username"/>#Comma your appointment is confirmed for <get name="udate"/> : <get name="utime"/>,myaiml.aiml
0,I AM *,*,*,Hello <set name="username"> <star/>! </set>,myaiml.aiml
0,BYE,*,*,Bye <get name="username"/> Thanks for the conversation!,myaiml.aiml
